{
  "project_info": {
    "project_number": "322882986189",
    "firebase_url": "https://android-15de2.firebaseio.com",
    "project_id": "android-15de2",
    "storage_bucket": "android-15de2.appspot.com"
  },
  "client": [
    {
      "client_info": {
        "mobilesdk_app_id": "1:322882986189:android:239f2fd2a0e0f638",
        "android_client_info": {
          "package_name": "com.face.privacy.phone.lock.photo.password"
        }
      },
      "oauth_client": [
        {
          "client_id": "322882986189-8hbv5tmv43i81vketfir7toam34pg5rm.apps.googleusercontent.com",
          "client_type": 3
        }
      ],
      "api_key": [
        {
          "current_key": "AIzaSyBwMaS49CNVYnNLHtOLsE8LclY_NBiW6o0"
        }
      ],
      "services": {
        "appinvite_service": {
          "other_platform_oauth_client": [
            {
              "client_id": "322882986189-8hbv5tmv43i81vketfir7toam34pg5rm.apps.googleusercontent.com",
              "client_type": 3
            }
          ]
        }
      }
    },
    {
      "client_info": {
        "mobilesdk_app_id": "1:322882986189:android:7d62c36bc3ce29e2",
        "android_client_info": {
          "package_name": "com.grunge.textures.photo.color.splash.effect.background"
        }
      },
      "oauth_client": [
        {
          "client_id": "322882986189-8hbv5tmv43i81vketfir7toam34pg5rm.apps.googleusercontent.com",
          "client_type": 3
        }
      ],
      "api_key": [
        {
          "current_key": "AIzaSyBwMaS49CNVYnNLHtOLsE8LclY_NBiW6o0"
        }
      ],
      "services": {
        "appinvite_service": {
          "other_platform_oauth_client": [
            {
              "client_id": "322882986189-8hbv5tmv43i81vketfir7toam34pg5rm.apps.googleusercontent.com",
              "client_type": 3
            }
          ]
        }
      }
    },
    {
      "client_info": {
        "mobilesdk_app_id": "1:322882986189:android:f99e26862fca51b1",
        "android_client_info": {
          "package_name": "com.kit.tools.box.disk.news.shopping"
        }
      },
      "oauth_client": [
        {
          "client_id": "322882986189-8hbv5tmv43i81vketfir7toam34pg5rm.apps.googleusercontent.com",
          "client_type": 3
        }
      ],
      "api_key": [
        {
          "current_key": "AIzaSyBwMaS49CNVYnNLHtOLsE8LclY_NBiW6o0"
        }
      ],
      "services": {
        "appinvite_service": {
          "other_platform_oauth_client": [
            {
              "client_id": "322882986189-8hbv5tmv43i81vketfir7toam34pg5rm.apps.googleusercontent.com",
              "client_type": 3
            }
          ]
        }
      }
    },
    {
      "client_info": {
        "mobilesdk_app_id": "1:322882986189:android:7097f5cdcd250477",
        "android_client_info": {
          "package_name": "com.lock.unlock.voice.screen.speak.phone.password"
        }
      },
      "oauth_client": [
        {
          "client_id": "322882986189-8hbv5tmv43i81vketfir7toam34pg5rm.apps.googleusercontent.com",
          "client_type": 3
        }
      ],
      "api_key": [
        {
          "current_key": "AIzaSyBwMaS49CNVYnNLHtOLsE8LclY_NBiW6o0"
        }
      ],
      "services": {
        "appinvite_service": {
          "other_platform_oauth_client": [
            {
              "client_id": "322882986189-8hbv5tmv43i81vketfir7toam34pg5rm.apps.googleusercontent.com",
              "client_type": 3
            }
          ]
        }
      }
    },
    {
      "client_info": {
        "mobilesdk_app_id": "1:322882986189:android:75c0b308c97d78a6",
        "android_client_info": {
          "package_name": "com.route.save.maps.gps.navigation.locations"
        }
      },
      "oauth_client": [
        {
          "client_id": "322882986189-8hbv5tmv43i81vketfir7toam34pg5rm.apps.googleusercontent.com",
          "client_type": 3
        }
      ],
      "api_key": [
        {
          "current_key": "AIzaSyBwMaS49CNVYnNLHtOLsE8LclY_NBiW6o0"
        }
      ],
      "services": {
        "appinvite_service": {
          "other_platform_oauth_client": [
            {
              "client_id": "322882986189-8hbv5tmv43i81vketfir7toam34pg5rm.apps.googleusercontent.com",
              "client_type": 3
            }
          ]
        }
      }
    },
    {
      "client_info": {
        "mobilesdk_app_id": "1:322882986189:android:be635319d73fddab",
        "android_client_info": {
          "package_name": "com.scanner.phone.document.pdf.files.creator"
        }
      },
      "oauth_client": [
        {
          "client_id": "322882986189-8hbv5tmv43i81vketfir7toam34pg5rm.apps.googleusercontent.com",
          "client_type": 3
        }
      ],
      "api_key": [
        {
          "current_key": "AIzaSyBwMaS49CNVYnNLHtOLsE8LclY_NBiW6o0"
        }
      ],
      "services": {
        "appinvite_service": {
          "other_platform_oauth_client": [
            {
              "client_id": "322882986189-8hbv5tmv43i81vketfir7toam34pg5rm.apps.googleusercontent.com",
              "client_type": 3
            }
          ]
        }
      }
    },
    {
      "client_info": {
        "mobilesdk_app_id": "1:322882986189:android:cb0af6247af6d5cb",
        "android_client_info": {
          "package_name": "com.smart.magnifier.glass.light.camera.tools"
        }
      },
      "oauth_client": [
        {
          "client_id": "322882986189-8hbv5tmv43i81vketfir7toam34pg5rm.apps.googleusercontent.com",
          "client_type": 3
        }
      ],
      "api_key": [
        {
          "current_key": "AIzaSyBwMaS49CNVYnNLHtOLsE8LclY_NBiW6o0"
        }
      ],
      "services": {
        "appinvite_service": {
          "other_platform_oauth_client": [
            {
              "client_id": "322882986189-8hbv5tmv43i81vketfir7toam34pg5rm.apps.googleusercontent.com",
              "client_type": 3
            }
          ]
        }
      }
    },
    {
      "client_info": {
        "mobilesdk_app_id": "1:322882986189:android:25a490a2e70790db",
        "android_client_info": {
          "package_name": "com.social.media.post.graphics.template.card.maker"
        }
      },
      "oauth_client": [
        {
          "client_id": "322882986189-8hbv5tmv43i81vketfir7toam34pg5rm.apps.googleusercontent.com",
          "client_type": 3
        }
      ],
      "api_key": [
        {
          "current_key": "AIzaSyBwMaS49CNVYnNLHtOLsE8LclY_NBiW6o0"
        }
      ],
      "services": {
        "appinvite_service": {
          "other_platform_oauth_client": [
            {
              "client_id": "322882986189-8hbv5tmv43i81vketfir7toam34pg5rm.apps.googleusercontent.com",
              "client_type": 3
            }
          ]
        }
      }
    },
    {
      "client_info": {
        "mobilesdk_app_id": "1:322882986189:android:1bf0d81064d85b85",
        "android_client_info": {
          "package_name": "com.wishes.festivals.message.greeting.cards.maker"
        }
      },
      "oauth_client": [
        {
          "client_id": "322882986189-8hbv5tmv43i81vketfir7toam34pg5rm.apps.googleusercontent.com",
          "client_type": 3
        }
      ],
      "api_key": [
        {
          "current_key": "AIzaSyBwMaS49CNVYnNLHtOLsE8LclY_NBiW6o0"
        }
      ],
      "services": {
        "appinvite_service": {
          "other_platform_oauth_client": [
            {
              "client_id": "322882986189-8hbv5tmv43i81vketfir7toam34pg5rm.apps.googleusercontent.com",
              "client_type": 3
            }
          ]
        }
      }
    }
  ],
  "configuration_version": "1"
}