[
  {
    "alpha3": "AFG",
    "currencyId": "AFN",
    "currencyName": "Afghan afghani",
    "currencySymbol": "؋",
    "id": "AF",
    "name": "Afghanistan"
  },
  {
    "alpha3": "AIA",
    "currencyId": "XCD",
    "currencyName": "East Caribbean dollar",
    "currencySymbol": "$",
    "id": "AI",
    "name": "Anguilla"
  },
  {
    "alpha3": "AUS",
    "currencyId": "AUD",
    "currencyName": "Australian dollar",
    "currencySymbol": "$",
    "id": "AU",
    "name": "Australia"
  },
  {
    "currencyId": "BDT",
    "currencyName": "Bangladeshi taka",
    "name": "Bangladesh",
    "alpha3": "BGD",
    "id": "BD",
    "currencySymbol": "৳"
  },
  {
    "currencyId": "XOF",
    "currencyName": "West African CFA franc",
    "name": "Benin",
    "alpha3": "BEN",
    "id": "BJ",
    "currencySymbol": "Fr"
  },
  {
    "alpha3": "BRA",
    "currencyId": "BRL",
    "currencyName": "Brazilian real",
    "currencySymbol": "R$",
    "id": "BR",
    "name": "Brazil"
  },
  {
    "alpha3": "KHM",
    "currencyId": "KHR",
    "currencyName": "Cambodian riel",
    "currencySymbol": "៛",
    "id": "KH",
    "name": "Cambodia"
  },
  {
    "currencyId": "XAF",
    "currencyName": "Central African CFA franc",
    "name": "Chad",
    "alpha3": "TCD",
    "id": "TD",
    "currencySymbol": "Fr"
  },
  {
    "currencyId": "XAF",
    "currencyName": "Central African CFA franc",
    "name": "Congo",
    "alpha3": "COG",
    "id": "CG",
    "currencySymbol": "Fr"
  },
  {
    "currencyId": "CUP",
    "currencyName": "Cuban peso",
    "currencySymbol": "$",
    "name": "Cuba",
    "alpha3": "CUB",
    "id": "CU"
  },
  {
    "alpha3": "DMA",
    "currencyId": "XCD",
    "currencyName": "East Caribbean dollar",
    "currencySymbol": "$",
    "id": "DM",
    "name": "Dominica"
  },
  {
    "alpha3": "FIN",
    "currencyId": "EUR",
    "currencyName": "European euro",
    "currencySymbol": "€",
    "id": "FI",
    "name": "Finland"
  },
  {
    "currencyId": "GEL",
    "currencyName": "Georgian lari",
    "name": "Georgia",
    "alpha3": "GEO",
    "id": "GE",
    "currencySymbol": "₾"
  },
  {
    "alpha3": "GRD",
    "currencyId": "XCD",
    "currencyName": "East Caribbean dollar",
    "currencySymbol": "$",
    "id": "GD",
    "name": "Grenada"
  },
  {
    "currencyId": "HTG",
    "currencyName": "Haitian gourde",
    "name": "Haiti",
    "alpha3": "HTI",
    "id": "HT",
    "currencySymbol": "G"
  },
  {
    "alpha3": "IND",
    "currencyId": "INR",
    "currencyName": "Indian rupee",
    "currencySymbol": "₹",
    "id": "IN",
    "name": "India"
  },
  {
    "alpha3": "ISR",
    "currencyId": "ILS",
    "currencyName": "Israeli new sheqel",
    "currencySymbol": "₪",
    "id": "IL",
    "name": "Israel"
  },
  {
    "alpha3": "KAZ",
    "currencyId": "KZT",
    "currencyName": "Kazakhstani tenge",
    "currencySymbol": "лв",
    "id": "KZ",
    "name": "Kazakhstan"
  },
  {
    "currencyId": "KWD",
    "currencyName": "Kuwaiti dinar",
    "name": "Kuwait",
    "alpha3": "KWT",
    "id": "KW",
    "currencySymbol": "د.ك"
  },
  {
    "currencyId": "LSL",
    "currencyName": "Lesotho loti",
    "name": "Lesotho",
    "alpha3": "LSO",
    "id": "LS",
    "currencySymbol": "L"
  },
  {
    "alpha3": "LUX",
    "currencyId": "EUR",
    "currencyName": "European euro",
    "currencySymbol": "€",
    "id": "LU",
    "name": "Luxembourg"
  },
  {
    "alpha3": "MYS",
    "currencyId": "MYR",
    "currencyName": "Malaysian ringgit",
    "currencySymbol": "RM",
    "id": "MY",
    "name": "Malaysia"
  },
  {
    "alpha3": "MUS",
    "currencyId": "MUR",
    "currencyName": "Mauritian rupee",
    "currencySymbol": "₨",
    "id": "MU",
    "name": "Mauritius"
  },
  {
    "alpha3": "MNG",
    "currencyId": "MNT",
    "currencyName": "Mongolian tugrik",
    "currencySymbol": "₮",
    "id": "MN",
    "name": "Mongolia"
  },
  {
    "currencyId": "MMK",
    "currencyName": "Myanma kyat",
    "name": "Myanmar",
    "alpha3": "MMR",
    "id": "MM",
    "currencySymbol": "Ks"
  },
  {
    "currencyId": "XPF",
    "currencyName": "CFP franc",
    "name": "New Caledonia",
    "alpha3": "NCL",
    "id": "NC",
    "currencySymbol": "Fr"
  },
  {
    "alpha3": "NOR",
    "currencyId": "NOK",
    "currencyName": "Norwegian krone",
    "currencySymbol": "kr",
    "id": "NO",
    "name": "Norway"
  },
  {
    "currencyId": "PGK",
    "currencyName": "Papua New Guinean kina",
    "name": "Papua New Guinea",
    "alpha3": "PNG",
    "id": "PG",
    "currencySymbol": "K"
  },
  {
    "alpha3": "PRT",
    "currencyId": "EUR",
    "currencyName": "European euro",
    "currencySymbol": "€",
    "id": "PT",
    "name": "Portugal"
  },
  {
    "currencyId": "RWF",
    "currencyName": "Rwandan franc",
    "name": "Rwanda",
    "alpha3": "RWA",
    "id": "RW",
    "currencySymbol": "Fr"
  },
  {
    "currencyId": "WST",
    "currencyName": "Samoan tala",
    "name": "Samoa (Western)",
    "alpha3": "WSM",
    "id": "WS",
    "currencySymbol": "T"
  },
  {
    "alpha3": "SRB",
    "currencyId": "RSD",
    "currencyName": "Serbian dinar",
    "currencySymbol": "Дин.",
    "id": "RS",
    "name": "Serbia"
  },
  {
    "alpha3": "SVN",
    "currencyId": "EUR",
    "currencyName": "European euro",
    "currencySymbol": "€",
    "id": "SI",
    "name": "Slovenia"
  },
  {
    "alpha3": "ESP",
    "currencyId": "EUR",
    "currencyName": "European euro",
    "currencySymbol": "€",
    "id": "ES",
    "name": "Spain"
  },
  {
    "alpha3": "SWE",
    "currencyId": "SEK",
    "currencyName": "Swedish krona",
    "currencySymbol": "kr",
    "id": "SE",
    "name": "Sweden"
  },
  {
    "alpha3": "TZA",
    "currencyId": "TZS",
    "currencyName": "Tanzanian shilling",
    "currencySymbol": "TSh",
    "id": "TZ",
    "name": "Tanzania"
  },
  {
    "currencyId": "TND",
    "currencyName": "Tunisian dinar",
    "name": "Tunisia",
    "alpha3": "TUN",
    "id": "TN",
    "currencySymbol": "ملّيم"
  },
  {
    "alpha3": "UKR",
    "currencyId": "UAH",
    "currencyName": "Ukrainian hryvnia",
    "currencySymbol": "₴",
    "id": "UA",
    "name": "Ukraine"
  },
  {
    "alpha3": "UZB",
    "currencyId": "UZS",
    "currencyName": "Uzbekistani som",
    "currencySymbol": "лв",
    "id": "UZ",
    "name": "Uzbekistan"
  },
  {
    "alpha3": "YEM",
    "currencyId": "YER",
    "currencyName": "Yemeni rial",
    "currencySymbol": "﷼",
    "id": "YE",
    "name": "Yemen"
  },
  {
    "currencyId": "DZD",
    "currencyName": "Algerian dinar",
    "name": "Algeria",
    "alpha3": "DZA",
    "id": "DZ",
    "currencySymbol": "د.ج"
  },
  {
    "alpha3": "ARG",
    "currencyId": "ARS",
    "currencyName": "Argentine peso",
    "currencySymbol": "$",
    "id": "AR",
    "name": "Argentina"
  },
  {
    "alpha3": "AZE",
    "currencyId": "AZN",
    "currencyName": "Azerbaijani manat",
    "currencySymbol": "ман",
    "id": "AZ",
    "name": "Azerbaijan"
  },
  {
    "alpha3": "BLR",
    "currencyId": "BYN",
    "currencyName": "New Belarusian ruble",
    "currencySymbol": "p.",
    "id": "BY",
    "name": "Belarus"
  },
  {
    "alpha3": "BOL",
    "currencyId": "BOB",
    "currencyName": "Bolivian boliviano",
    "currencySymbol": "$b",
    "id": "BO",
    "name": "Bolivia"
  },
  {
    "alpha3": "BGR",
    "currencyId": "BGN",
    "currencyName": "Bulgarian lev",
    "currencySymbol": "лв",
    "id": "BG",
    "name": "Bulgaria"
  },
  {
    "alpha3": "CAN",
    "currencyId": "CAD",
    "currencyName": "Canadian dollar",
    "currencySymbol": "$",
    "id": "CA",
    "name": "Canada"
  },
  {
    "alpha3": "CHN",
    "currencyId": "CNY",
    "currencyName": "Chinese renminbi",
    "currencySymbol": "¥",
    "id": "CN",
    "name": "China"
  },
  {
    "alpha3": "CRI",
    "currencyId": "CRC",
    "currencyName": "Costa Rican colon",
    "currencySymbol": "₡",
    "id": "CR",
    "name": "Costa Rica"
  },
  {
    "alpha3": "CZE",
    "currencyId": "CZK",
    "currencyName": "Czech koruna",
    "currencySymbol": "Kč",
    "id": "CZ",
    "name": "Czech Republic"
  },
  {
    "alpha3": "ECU",
    "currencyId": "USD",
    "currencyName": "U.S. Dollar",
    "currencySymbol": "$",
    "id": "EC",
    "name": "Ecuador"
  },
  {
    "alpha3": "EST",
    "currencyId": "EUR",
    "currencyName": "European euro",
    "currencySymbol": "€",
    "id": "EE",
    "name": "Estonia"
  },
  {
    "currencyId": "XPF",
    "currencyName": "CFP franc",
    "name": "French Polynesia",
    "alpha3": "PYF",
    "id": "PF",
    "currencySymbol": "Fr"
  },
  {
    "currencyId": "GHS",
    "currencyName": "Ghanaian cedi",
    "name": "Ghana",
    "alpha3": "GHA",
    "id": "GH",
    "currencySymbol": "₵"
  },
  {
    "currencyId": "GNF",
    "currencyName": "Guinean franc",
    "name": "Guinea",
    "alpha3": "GIN",
    "id": "GN",
    "currencySymbol": "Fr"
  },
  {
    "alpha3": "HKG",
    "currencyId": "HKD",
    "currencyName": "Hong Kong dollar",
    "currencySymbol": "$",
    "id": "HK",
    "name": "Hong Kong"
  },
  {
    "alpha3": "IRN",
    "currencyId": "IRR",
    "currencyName": "Iranian rial",
    "currencySymbol": "﷼",
    "id": "IR",
    "name": "Iran, Islamic Republic of"
  },
  {
    "alpha3": "JAM",
    "currencyId": "JMD",
    "currencyName": "Jamaican dollar",
    "currencySymbol": "J$",
    "id": "JM",
    "name": "Jamaica"
  },
  {
    "alpha3": "KIR",
    "currencyId": "AUD",
    "currencyName": "Australian dollar",
    "currencySymbol": "$",
    "id": "KI",
    "name": "Kiribati"
  },
  {
    "alpha3": "LAO",
    "currencyId": "LAK",
    "currencyName": "Lao kip",
    "currencySymbol": "₭",
    "id": "LA",
    "name": "Laos"
  },
  {
    "currencyId": "LYD",
    "currencyName": "Libyan dinar",
    "name": "Libya",
    "alpha3": "LBY",
    "id": "LY",
    "currencySymbol": "ل.د"
  },
  {
    "alpha3": "MKD",
    "currencyId": "MKD",
    "currencyName": "Macedonian denar",
    "currencySymbol": "ден",
    "id": "MK",
    "name": "Macedonia (Former Yug. Rep.)"
  },
  {
    "currencyId": "XOF",
    "currencyName": "West African CFA franc",
    "name": "Mali",
    "alpha3": "MLI",
    "id": "ML",
    "currencySymbol": "Fr"
  },
  {
    "alpha3": "FSM",
    "currencyId": "USD",
    "currencyName": "U.S. Dollar",
    "currencySymbol": "$",
    "id": "FM",
    "name": "Micronesia"
  },
  {
    "alpha3": "MSR",
    "currencyId": "XCD",
    "currencyName": "East Caribbean dollar",
    "currencySymbol": "$",
    "id": "MS",
    "name": "Montserrat"
  },
  {
    "alpha3": "NRU",
    "currencyId": "AUD",
    "currencyName": "Australian dollar",
    "currencySymbol": "$",
    "id": "NR",
    "name": "Nauru"
  },
  {
    "alpha3": "NIC",
    "currencyId": "NIO",
    "currencyName": "Nicaraguan cordoba",
    "currencySymbol": "C$",
    "id": "NI",
    "name": "Nicaragua"
  },
  {
    "alpha3": "PAK",
    "currencyId": "PKR",
    "currencyName": "Pakistani rupee",
    "currencySymbol": "₨",
    "id": "PK",
    "name": "Pakistan"
  },
  {
    "alpha3": "PER",
    "currencyId": "PEN",
    "currencyName": "Peruvian nuevo sol",
    "currencySymbol": "S/.",
    "id": "PE",
    "name": "Peru"
  },
  {
    "alpha3": "QAT",
    "currencyId": "QAR",
    "currencyName": "Qatari riyal",
    "currencySymbol": "﷼",
    "id": "QA",
    "name": "Qatar"
  },
  {
    "alpha3": "KNA",
    "currencyId": "XCD",
    "currencyName": "East Caribbean dollar",
    "currencySymbol": "$",
    "id": "KN",
    "name": "Saint Kitts and Nevis"
  },
  {
    "currencyId": "STD",
    "currencyName": "Sao Tome and Principe dobra",
    "name": "Sao Tome and Principe",
    "alpha3": "STP",
    "id": "ST",
    "currencySymbol": "Db"
  },
  {
    "currencyId": "SLL",
    "currencyName": "Sierra Leonean leone",
    "name": "Sierra Leone",
    "alpha3": "SLE",
    "id": "SL",
    "currencySymbol": "Le"
  },
  {
    "alpha3": "SOM",
    "currencyId": "SOS",
    "currencyName": "Somali shilling",
    "currencySymbol": "S",
    "id": "SO",
    "name": "Somalia"
  },
  {
    "currencyId": "SDG",
    "currencyName": "Sudanese pound",
    "name": "Sudan",
    "alpha3": "SDN",
    "id": "SD",
    "currencySymbol": "ج.س."
  },
  {
    "alpha3": "SYR",
    "currencyId": "SYP",
    "currencyName": "Syrian pound",
    "currencySymbol": "£",
    "id": "SY",
    "name": "Syria"
  },
  {
    "currencyId": "XOF",
    "currencyName": "West African CFA franc",
    "name": "Togo",
    "alpha3": "TGO",
    "id": "TG",
    "currencySymbol": "Fr"
  },
  {
    "currencyId": "TMT",
    "currencyName": "Turkmenistan manat",
    "name": "Turkmenistan",
    "alpha3": "TKM",
    "id": "TM",
    "currencySymbol": "m"
  },
  {
    "alpha3": "GBR",
    "currencyId": "GBP",
    "currencyName": "British pound",
    "currencySymbol": "£",
    "id": "GB",
    "name": "United Kingdom"
  },
  {
    "currencyId": "VEF",
    "currencyName": "Venezuelan bolivar",
    "name": "Venezuela",
    "alpha3": "VEN",
    "id": "VE",
    "currencySymbol": "Bs"
  },
  {
    "alpha3": "AND",
    "currencyId": "EUR",
    "currencyName": "European euro",
    "currencySymbol": "€",
    "id": "AD",
    "name": "Andorra"
  },
  {
    "currencyId": "AMD",
    "currencyName": "Armenian dram",
    "name": "Armenia",
    "alpha3": "ARM",
    "id": "AM",
    "currencySymbol": "֏"
  },
  {
    "alpha3": "BHS",
    "currencyId": "BSD",
    "currencyName": "Bahamian dollar",
    "currencySymbol": "$",
    "id": "BS",
    "name": "Bahamas"
  },
  {
    "alpha3": "BEL",
    "currencyId": "EUR",
    "currencyName": "European euro",
    "currencySymbol": "€",
    "id": "BE",
    "name": "Belgium"
  },
  {
    "alpha3": "BIH",
    "currencyId": "BAM",
    "currencyName": "Bosnia and Herzegovina konvertibilna marka",
    "currencySymbol": "KM",
    "id": "BA",
    "name": "Bosnia-Herzegovina"
  },
  {
    "currencyId": "XOF",
    "currencyName": "West African CFA franc",
    "name": "Burkina Faso",
    "alpha3": "BFA",
    "id": "BF",
    "currencySymbol": "Fr"
  },
  {
    "alpha3": "CYM",
    "currencyId": "KYD",
    "currencyName": "Cayman Islands dollar",
    "currencySymbol": "$",
    "id": "KY",
    "name": "Cayman Islands"
  },
  {
    "alpha3": "COL",
    "currencyId": "COP",
    "currencyName": "Colombian peso",
    "currencySymbol": "$",
    "id": "CO",
    "name": "Colombia"
  },
  {
    "currencyId": "XOF",
    "currencyName": "West African CFA franc",
    "name": "Côte d'Ivoire",
    "alpha3": "CIV",
    "id": "CI",
    "currencySymbol": "Fr"
  },
  {
    "alpha3": "DNK",
    "currencyId": "DKK",
    "currencyName": "Danish krone",
    "currencySymbol": "kr",
    "id": "DK",
    "name": "Denmark"
  },
  {
    "alpha3": "EGY",
    "currencyId": "EGP",
    "currencyName": "Egyptian pound",
    "currencySymbol": "£",
    "id": "EG",
    "name": "Egypt"
  },
  {
    "currencyId": "ETB",
    "currencyName": "Ethiopian birr",
    "name": "Ethiopia",
    "alpha3": "ETH",
    "id": "ET",
    "currencySymbol": "Br"
  },
  {
    "currencyId": "XAF",
    "currencyName": "Central African CFA franc",
    "name": "Gabon",
    "alpha3": "GAB",
    "id": "GA",
    "currencySymbol": "Fr"
  },
  {
    "alpha3": "GIB",
    "currencyId": "GIP",
    "currencyName": "Gibraltar pound",
    "currencySymbol": "£",
    "id": "GI",
    "name": "Gibraltar"
  },
  {
    "currencyId": "XOF",
    "currencyName": "West African CFA franc",
    "name": "Guinea-Bissau",
    "alpha3": "GNB",
    "id": "GW",
    "currencySymbol": "Fr"
  },
  {
    "alpha3": "HUN",
    "currencyId": "HUF",
    "currencyName": "Hungarian forint",
    "currencySymbol": "Ft",
    "id": "HU",
    "name": "Hungary"
  },
  {
    "currencyId": "IQD",
    "currencyName": "Iraqi dinar",
    "name": "Iraq",
    "alpha3": "IRQ",
    "id": "IQ",
    "currencySymbol": "ع.د"
  },
  {
    "alpha3": "JPN",
    "currencyId": "JPY",
    "currencyName": "Japanese yen",
    "currencySymbol": "¥",
    "id": "JP",
    "name": "Japan"
  },
  {
    "alpha3": "PRK",
    "currencyId": "KPW",
    "currencyName": "North Korean won",
    "currencySymbol": "₩",
    "id": "KP",
    "name": "Korea North"
  },
  {
    "alpha3": "LVA",
    "currencyId": "LVL",
    "currencyName": "Latvian lats",
    "currencySymbol": "Ls",
    "id": "LV",
    "name": "Latvia"
  },
  {
    "alpha3": "LIE",
    "currencyId": "CHF",
    "currencyName": "Swiss Franc",
    "currencySymbol": "Fr.",
    "id": "LI",
    "name": "Liechtenstein"
  },
  {
    "currencyId": "MGA",
    "currencyName": "Malagasy ariary",
    "name": "Madagascar",
    "alpha3": "MDG",
    "id": "MG",
    "currencySymbol": "Ar"
  },
  {
    "alpha3": "MLT",
    "currencyId": "EUR",
    "currencyName": "European Euro",
    "currencySymbol": "€",
    "id": "MT",
    "name": "Malta"
  },
  {
    "currencyId": "MDL",
    "currencyName": "Moldovan leu",
    "name": "Moldova",
    "alpha3": "MDA",
    "id": "MD",
    "currencySymbol": "L"
  },
  {
    "currencyId": "MAD",
    "currencyName": "Moroccan dirham",
    "name": "Morocco",
    "alpha3": "MAR",
    "id": "MA",
    "currencySymbol": "د.م."
  },
  {
    "alpha3": "NPL",
    "currencyId": "NPR",
    "currencyName": "Nepalese rupee",
    "currencySymbol": "₨",
    "id": "NP",
    "name": "Nepal"
  },
  {
    "currencyId": "XOF",
    "currencyName": "West African CFA franc",
    "name": "Niger",
    "alpha3": "NER",
    "id": "NE",
    "currencySymbol": "Fr"
  },
  {
    "alpha3": "PLW",
    "currencyId": "USD",
    "currencyName": "U.S. Dollar",
    "currencySymbol": "$",
    "id": "PW",
    "name": "Palau"
  },
  {
    "alpha3": "PHL",
    "currencyId": "PHP",
    "currencyName": "Philippine peso",
    "currencySymbol": "₱",
    "id": "PH",
    "name": "Philippines"
  },
  {
    "alpha3": "ROU",
    "currencyId": "RON",
    "currencyName": "Romanian leu",
    "currencySymbol": "lei",
    "id": "RO",
    "name": "Romania"
  },
  {
    "alpha3": "LCA",
    "currencyId": "XCD",
    "currencyName": "East Caribbean dollar",
    "currencySymbol": "$",
    "id": "LC",
    "name": "Saint Lucia"
  },
  {
    "alpha3": "SAU",
    "currencyId": "SAR",
    "currencyName": "Saudi riyal",
    "currencySymbol": "﷼",
    "id": "SA",
    "name": "Saudi Arabia"
  },
  {
    "alpha3": "SGP",
    "currencyId": "SGD",
    "currencyName": "Singapore dollar",
    "currencySymbol": "$",
    "id": "SG",
    "name": "Singapore"
  },
  {
    "alpha3": "ZAF",
    "currencyId": "ZAR",
    "currencyName": "South African rand",
    "currencySymbol": "R",
    "id": "ZA",
    "name": "South Africa"
  },
  {
    "alpha3": "SUR",
    "currencyId": "SRD",
    "currencyName": "Surinamese dollar",
    "currencySymbol": "$",
    "id": "SR",
    "name": "Suriname"
  },
  {
    "alpha3": "TWN",
    "currencyId": "TWD",
    "currencyName": "New Taiwan dollar",
    "currencySymbol": "NT$",
    "id": "TW",
    "name": "Taiwan"
  },
  {
    "currencyId": "TOP",
    "currencyName": "Paanga",
    "name": "Tonga",
    "alpha3": "TON",
    "id": "TO",
    "currencySymbol": "T$"
  },
  {
    "alpha3": "TUV",
    "currencyId": "AUD",
    "currencyName": "Australian dollar",
    "currencySymbol": "$",
    "id": "TV",
    "name": "Tuvalu"
  },
  {
    "alpha3": "USA",
    "currencyId": "USD",
    "currencyName": "United States dollar",
    "currencySymbol": "$",
    "id": "US",
    "name": "United States of America"
  },
  {
    "alpha3": "VNM",
    "currencyId": "VND",
    "currencyName": "Vietnamese dong",
    "currencySymbol": "₫",
    "id": "VN",
    "name": "Vietnam"
  },
  {
    "alpha3": "ALB",
    "currencyId": "ALL",
    "currencyName": "Albanian lek",
    "currencySymbol": "Lek",
    "id": "AL",
    "name": "Albania"
  },
  {
    "alpha3": "ATG",
    "currencyId": "XCD",
    "currencyName": "East Caribbean dollar",
    "currencySymbol": "$",
    "id": "AG",
    "name": "Antigua and Barbuda"
  },
  {
    "alpha3": "AUT",
    "currencyId": "EUR",
    "currencyName": "European euro",
    "currencySymbol": "€",
    "id": "AT",
    "name": "Austria"
  },
  {
    "alpha3": "BRB",
    "currencyId": "BBD",
    "currencyName": "Barbadian dollar",
    "currencySymbol": "$",
    "id": "BB",
    "name": "Barbados"
  },
  {
    "currencyId": "BTN",
    "currencyName": "Bhutanese ngultrum",
    "name": "Bhutan",
    "alpha3": "BTN",
    "id": "BT",
    "currencySymbol": "Nu."
  },
  {
    "alpha3": "BRN",
    "currencyId": "BND",
    "currencyName": "Brunei dollar",
    "currencySymbol": "$",
    "id": "BN",
    "name": "Brunei"
  },
  {
    "currencyId": "XAF",
    "currencyName": "Central African CFA franc",
    "name": "Cameroon",
    "alpha3": "CMR",
    "id": "CM",
    "currencySymbol": "Fr"
  },
  {
    "alpha3": "CHL",
    "currencyId": "CLP",
    "currencyName": "Chilean peso",
    "currencySymbol": "$",
    "id": "CL",
    "name": "Chile"
  },
  {
    "currencyId": "CDF",
    "currencyName": "Congolese franc",
    "name": "Congo, Democratic Republic",
    "alpha3": "COD",
    "id": "CD",
    "currencySymbol": "Fr"
  },
  {
    "alpha3": "CYP",
    "currencyId": "EUR",
    "currencyName": "European euro",
    "currencySymbol": "€",
    "id": "CY",
    "name": "Cyprus"
  },
  {
    "alpha3": "DOM",
    "currencyId": "DOP",
    "currencyName": "Dominican peso",
    "currencySymbol": "RD$",
    "id": "DO",
    "name": "Dominican Republic"
  },
  {
    "currencyId": "ERN",
    "currencyName": "Eritrean nakfa",
    "name": "Eritrea",
    "alpha3": "ERI",
    "id": "ER",
    "currencySymbol": "Nfk"
  },
  {
    "alpha3": "FRA",
    "currencyId": "EUR",
    "currencyName": "European euro",
    "currencySymbol": "€",
    "id": "FR",
    "name": "France"
  },
  {
    "alpha3": "DEU",
    "currencyId": "EUR",
    "currencyName": "European euro",
    "currencySymbol": "€",
    "id": "DE",
    "name": "Germany"
  },
  {
    "alpha3": "GTM",
    "currencyId": "GTQ",
    "currencyName": "Guatemalan quetzal",
    "currencySymbol": "Q",
    "id": "GT",
    "name": "Guatemala"
  },
  {
    "alpha3": "HND",
    "currencyId": "HNL",
    "currencyName": "Honduran lempira",
    "currencySymbol": "L",
    "id": "HN",
    "name": "Honduras"
  },
  {
    "alpha3": "IDN",
    "currencyId": "IDR",
    "currencyName": "Indonesian rupiah",
    "currencySymbol": "Rp",
    "id": "ID",
    "name": "Indonesia"
  },
  {
    "alpha3": "ITA",
    "currencyId": "EUR",
    "currencyName": "European euro",
    "currencySymbol": "€",
    "id": "IT",
    "name": "Italy"
  },
  {
    "alpha3": "KEN",
    "currencyId": "KES",
    "currencyName": "Kenyan shilling",
    "currencySymbol": "KSh",
    "id": "KE",
    "name": "Kenya"
  },
  {
    "alpha3": "KGZ",
    "currencyId": "KGS",
    "currencyName": "Kyrgyzstani som",
    "currencySymbol": "лв",
    "id": "KG",
    "name": "Kyrgyzstan"
  },
  {
    "alpha3": "LBR",
    "currencyId": "LRD",
    "currencyName": "Liberian dollar",
    "currencySymbol": "$",
    "id": "LR",
    "name": "Liberia"
  },
  {
    "currencyId": "MOP",
    "currencyName": "Macanese pataca",
    "name": "Macau",
    "alpha3": "MAC",
    "id": "MO",
    "currencySymbol": "P"
  },
  {
    "currencyId": "MVR",
    "currencyName": "Maldivian rufiyaa",
    "name": "Maldives",
    "alpha3": "MDV",
    "id": "MV",
    "currencySymbol": ".ރ"
  },
  {
    "alpha3": "MEX",
    "currencyId": "MXN",
    "currencyName": "Mexican peso",
    "currencySymbol": "$",
    "id": "MX",
    "name": "Mexico"
  },
  {
    "alpha3": "MNE",
    "currencyId": "EUR",
    "currencyName": "European Euro",
    "currencySymbol": "€",
    "id": "ME",
    "name": "Montenegro"
  },
  {
    "alpha3": "NAM",
    "currencyId": "NAD",
    "currencyName": "Namibian dollar",
    "currencySymbol": "$",
    "id": "NA",
    "name": "Namibia"
  },
  {
    "alpha3": "NZL",
    "currencyId": "NZD",
    "currencyName": "New Zealand dollar",
    "currencySymbol": "$",
    "id": "NZ",
    "name": "New Zealand"
  },
  {
    "alpha3": "OMN",
    "currencyId": "OMR",
    "currencyName": "Omani rial",
    "currencySymbol": "﷼",
    "id": "OM",
    "name": "Oman"
  },
  {
    "alpha3": "PRY",
    "currencyId": "PYG",
    "currencyName": "Paraguayan guarani",
    "currencySymbol": "Gs",
    "id": "PY",
    "name": "Paraguay"
  },
  {
    "alpha3": "PRI",
    "currencyId": "USD",
    "currencyName": "U.S. Dollar",
    "currencySymbol": "$",
    "id": "PR",
    "name": "Puerto Rico"
  },
  {
    "alpha3": "SHN",
    "currencyId": "SHP",
    "currencyName": "Saint Helena pound",
    "currencySymbol": "£",
    "id": "SH",
    "name": "Saint Helena"
  },
  {
    "alpha3": "SMR",
    "currencyId": "EUR",
    "currencyName": "European euro",
    "currencySymbol": "€",
    "id": "SM",
    "name": "San Marino"
  },
  {
    "alpha3": "SYC",
    "currencyId": "SCR",
    "currencyName": "Seychellois rupee",
    "currencySymbol": "₨",
    "id": "SC",
    "name": "Seychelles"
  },
  {
    "alpha3": "SLB",
    "currencyId": "SBD",
    "currencyName": "Solomon Islands dollar",
    "currencySymbol": "$",
    "id": "SB",
    "name": "Solomon Islands"
  },
  {
    "alpha3": "LKA",
    "currencyId": "LKR",
    "currencyName": "Sri Lankan rupee",
    "currencySymbol": "₨",
    "id": "LK",
    "name": "Sri Lanka"
  },
  {
    "alpha3": "CHE",
    "currencyId": "CHF",
    "currencyName": "Swiss franc",
    "currencySymbol": "Fr.",
    "id": "CH",
    "name": "Switzerland"
  },
  {
    "alpha3": "THA",
    "currencyId": "THB",
    "currencyName": "Thai baht",
    "currencySymbol": "฿",
    "id": "TH",
    "name": "Thailand"
  },
  {
    "currencyId": "TRY",
    "currencyName": "Turkish new lira",
    "name": "Turkey",
    "alpha3": "TUR",
    "id": "TR",
    "currencySymbol": "₺"
  },
  {
    "currencyId": "AED",
    "currencyName": "UAE dirham",
    "name": "United Arab Emirates",
    "alpha3": "ARE",
    "id": "AE",
    "currencySymbol": "فلس"
  },
  {
    "currencyId": "VUV",
    "currencyName": "Vanuatu vatu",
    "name": "Vanuatu",
    "alpha3": "VUT",
    "id": "VU",
    "currencySymbol": "Vt"
  },
  {
    "currencyId": "ZMW",
    "currencyName": "Zambian kwacha",
    "name": "Zambia",
    "alpha3": "ZMB",
    "id": "ZM",
    "currencySymbol": "ZK"
  },
  {
    "currencyId": "AOA",
    "currencyName": "Angolan kwanza",
    "name": "Angola",
    "alpha3": "AGO",
    "id": "AO",
    "currencySymbol": "Kz"
  },
  {
    "alpha3": "ABW",
    "currencyId": "AWG",
    "currencyName": "Aruban florin",
    "currencySymbol": "ƒ",
    "id": "AW",
    "name": "Aruba"
  },
  {
    "currencyId": "BHD",
    "currencyName": "Bahraini dinar",
    "name": "Bahrain",
    "alpha3": "BHR",
    "id": "BH",
    "currencySymbol": "دينار"
  },
  {
    "alpha3": "BLZ",
    "currencyId": "BZD",
    "currencyName": "Belize dollar",
    "currencySymbol": "BZ$",
    "id": "BZ",
    "name": "Belize"
  },
  {
    "alpha3": "BWA",
    "currencyId": "BWP",
    "currencyName": "Botswana pula",
    "currencySymbol": "P",
    "id": "BW",
    "name": "Botswana"
  },
  {
    "currencyId": "BIF",
    "currencyName": "Burundi franc",
    "name": "Burundi",
    "alpha3": "BDI",
    "id": "BI",
    "currencySymbol": "Fr"
  },
  {
    "currencyId": "XAF",
    "currencyName": "Central African CFA franc",
    "name": "Central African Republic",
    "alpha3": "CAF",
    "id": "CF",
    "currencySymbol": "Fr"
  },
  {
    "currencyId": "KMF",
    "currencyName": "Comorian franc",
    "name": "Comoros",
    "alpha3": "COM",
    "id": "KM",
    "currencySymbol": "Fr"
  },
  {
    "alpha3": "HRV",
    "currencyId": "HRK",
    "currencyName": "Croatian kuna",
    "currencySymbol": "kn",
    "id": "HR",
    "name": "Croatia"
  },
  {
    "currencyId": "DJF",
    "currencyName": "Djiboutian franc",
    "name": "Djibouti",
    "alpha3": "DJI",
    "id": "DJ",
    "currencySymbol": "Fr"
  },
  {
    "alpha3": "SLV",
    "currencyId": "USD",
    "currencyName": "U.S. Dollar",
    "currencySymbol": "$",
    "id": "SV",
    "name": "El Salvador"
  },
  {
    "alpha3": "FJI",
    "currencyId": "FJD",
    "currencyName": "Fijian dollar",
    "currencySymbol": "$",
    "id": "FJ",
    "name": "Fiji"
  },
  {
    "currencyId": "GMD",
    "currencyName": "Gambian dalasi",
    "name": "Gambia",
    "alpha3": "GMB",
    "id": "GM",
    "currencySymbol": "D"
  },
  {
    "alpha3": "GRC",
    "currencyId": "EUR",
    "currencyName": "European euro",
    "currencySymbol": "€",
    "id": "GR",
    "name": "Greece"
  },
  {
    "alpha3": "GUY",
    "currencyId": "GYD",
    "currencyName": "Guyanese dollar",
    "currencySymbol": "$",
    "id": "GY",
    "name": "Guyana"
  },
  {
    "alpha3": "ISL",
    "currencyId": "ISK",
    "currencyName": "Icelandic króna",
    "currencySymbol": "kr",
    "id": "IS",
    "name": "Iceland"
  },
  {
    "alpha3": "IRL",
    "currencyId": "EUR",
    "currencyName": "European euro",
    "currencySymbol": "€",
    "id": "IE",
    "name": "Ireland"
  },
  {
    "currencyId": "JOD",
    "currencyName": "Jordanian dinar",
    "name": "Jordan",
    "alpha3": "JOR",
    "id": "JO",
    "currencySymbol": "د.ا "
  },
  {
    "alpha3": "KOR",
    "currencyId": "KRW",
    "currencyName": "South Korean won",
    "currencySymbol": "₩",
    "id": "KR",
    "name": "Korea South"
  },
  {
    "alpha3": "LBN",
    "currencyId": "LBP",
    "currencyName": "Lebanese lira",
    "currencySymbol": "£",
    "id": "LB",
    "name": "Lebanon"
  },
  {
    "currencyId": "MWK",
    "currencyName": "Malawian kwacha",
    "name": "Malawi",
    "alpha3": "MWI",
    "id": "MW",
    "currencySymbol": "MK"
  },
  {
    "currencyId": "MRO",
    "currencyName": "Mauritanian ouguiya",
    "name": "Mauritania",
    "alpha3": "MRT",
    "id": "MR",
    "currencySymbol": "UM"
  },
  {
    "alpha3": "MCO",
    "currencyId": "EUR",
    "currencyName": "European Euro",
    "currencySymbol": "€",
    "id": "MC",
    "name": "Monaco"
  },
  {
    "currencyId": "MZN",
    "currencyName": "Mozambican metical",
    "name": "Mozambique",
    "alpha3": "MOZ",
    "id": "MZ",
    "currencySymbol": "MT"
  },
  {
    "alpha3": "NLD",
    "currencyId": "EUR",
    "currencyName": "European euro",
    "currencySymbol": "€",
    "id": "NL",
    "name": "Netherlands"
  },
  {
    "alpha3": "NGA",
    "currencyId": "NGN",
    "currencyName": "Nigerian naira",
    "currencySymbol": "₦",
    "id": "NG",
    "name": "Nigeria"
  },
  {
    "alpha3": "PAN",
    "currencyId": "PAB",
    "currencyName": "Panamanian balboa",
    "currencySymbol": "B/.",
    "id": "PA",
    "name": "Panama"
  },
  {
    "alpha3": "POL",
    "currencyId": "PLN",
    "currencyName": "Polish zloty",
    "currencySymbol": "zł",
    "id": "PL",
    "name": "Poland"
  },
  {
    "alpha3": "RUS",
    "currencyId": "RUB",
    "currencyName": "Russian ruble",
    "currencySymbol": "руб",
    "id": "RU",
    "name": "Russia"
  },
  {
    "alpha3": "VCT",
    "currencyId": "XCD",
    "currencyName": "East Caribbean dollar",
    "currencySymbol": "$",
    "id": "VC",
    "name": "Saint Vincent and the Grenadines"
  },
  {
    "currencyId": "XOF",
    "currencyName": "West African CFA franc",
    "name": "Senegal",
    "alpha3": "SEN",
    "id": "SN",
    "currencySymbol": "Fr"
  },
  {
    "alpha3": "SVK",
    "currencyId": "EUR",
    "currencyName": "European euro",
    "currencySymbol": "€",
    "id": "SK",
    "name": "Slovakia"
  },
  {
    "currencyId": "SDG",
    "currencyName": "Sudanese pound",
    "name": "South Sudan",
    "alpha3": "SSD",
    "id": "SS",
    "currencySymbol": "£"
  },
  {
    "currencyId": "SZL",
    "currencyName": "Swazi lilangeni",
    "name": "Swaziland",
    "alpha3": "SWZ",
    "id": "SZ",
    "currencySymbol": "L"
  },
  {
    "currencyId": "TJS",
    "currencyName": "Tajikistani somoni",
    "name": "Tajikistan",
    "alpha3": "TJK",
    "id": "TJ",
    "currencySymbol": "ЅМ"
  },
  {
    "alpha3": "TTO",
    "currencyId": "TTD",
    "currencyName": "Trinidad and Tobago dollar",
    "currencySymbol": "TT$",
    "id": "TT",
    "name": "Trinidad and Tobago"
  },
  {
    "alpha3": "UGA",
    "currencyId": "UGX",
    "currencyName": "Ugandan shilling",
    "currencySymbol": "USh",
    "id": "UG",
    "name": "Uganda"
  },
  {
    "alpha3": "URY",
    "currencyId": "UYU",
    "currencyName": "Uruguayan peso",
    "currencySymbol": "$U",
    "id": "UY",
    "name": "Uruguay"
  },
  {
    "currencyId": "XPF",
    "currencyName": "CFP franc",
    "name": "Wallis and Futuna Islands",
    "alpha3": "WLF",
    "id": "WF",
    "currencySymbol": "Fr"
  },
  {
    "alpha3": "LTU",
    "currencyId": "EUR",
    "currencyName": "European euro",
    "currencySymbol": "€",
    "id": "LT",
    "name": "Lithuania"
  }
]


